{"cameraMode":{"drawMode":0,"name":"Shaded","section":"Shading Mode"},"sceneLighting":true,"audioPlay":false,"sceneViewState":{"showFog":true,"showMaterialUpdate":true,"showSkybox":true,"showFlares":false,"showImageEffects":true,"showParticleSystems":true},"in2DMode":false,"pivot":{"x":3.5918774604797365,"y":51.538818359375,"z":89.75308990478516},"rotation":{"x":-0.03330158442258835,"y":-0.009896977804601193,"z":0.0003297555085737258,"w":-0.9993923306465149},"size":59.96181869506836,"orthographic":false}